CSDUID,CSDNAME,lat,lon
5935010,Kelowna,49.88505854059811,-119.44018065843744
5935012,Central Okanagan,49.91708250839777,-119.19424746411627
5935016,Lake Country,50.077142665548536,-119.39975334094959
5935018,Peachland,49.775335463136514,-119.7388381019606
5935020,Central Okanagan West,49.99222603788013,-119.71352045788149
5935029,West Kelowna,49.86072712476459,-119.60892494203934
5935801,Duck Lake 7,50.00940812258298,-119.3960263484621
5935802,Tsinstikeptum 9,49.83917514887693,-119.6055953568708
5935803,Tsinstikeptum 10,49.88288768847816,-119.5362851385269
